repo,sha,author,date,message,url,stars,contributors,description,total_commits,old_version,new_version,status
tolgraven/tolgrAVen,3f5011a0e8f2dd4f260c7d3474215460d9c90548,Joen Tolgraven,2025-09-22T23:38:38.000+02:00,project: remove node-sass,https://github.com/tolgraven/tolgrAVen/commit/3f5011a0e8f2dd4f260c7d3474215460d9c90548,1.0,1.0,Code for my website at https://tolgraven.se,1264.0,9.0.0,removed,remoÃ§Ã£o
dwp/retirement-maintain,0203997f12d501c5437c481733254871c40e9b83,Gemma Leigh,2016-01-12T14:33:49.000Z,Merge pull request #119 from alphagov/remove-node-sass-2,https://github.com/dwp/retirement-maintain/commit/0203997f12d501c5437c481733254871c40e9b83,1.0,1.0,,7965.0,3.3.3,removed,corrige vulnerabilidade
Eddayy/Eddayy.github.io,e1bcc7404a95aca0a3ffec68642107e325d27edc,Edmund Tay,2025-08-25T14:41:58.000+08:00,Merge pull request #105 from Eddayy/renovate/npm-node-sass-vulnerability,https://github.com/Eddayy/Eddayy.github.io/commit/e1bcc7404a95aca0a3ffec68642107e325d27edc,1.0,1.0,My personal website,278.0,"4.11.0, 4.11.0, 4.11.0, 4.11.0, 4.11.0","7.0.0, 7.0.0, 7.0.0, 7.0.0, 7.0.0",corrige vulnerabilidade
AndriySikora/ionic2,ac55ae96cd917c09190c212ab2cb060a3b317826,Andriy Sikora,2025-09-24T11:57:21.000+02:00,Merge pull request #11 from AndriySikora/dependabot/npm_and_yarn/node-sass-7.0.1,https://github.com/AndriySikora/ionic2/commit/ac55ae96cd917c09190c212ab2cb060a3b317826,0.0,1.0,Ionic2 app,14.0,4.5.0,"4.5.0, 7.0.1",corrige vulnerabilidade
CharlieHammersley/raptors1711.com,e2e0c0e7986a4da30957703701e1d9ed2109e647,Trevor Sears,2025-09-10T18:40:33.000-04:00,Moved to `sass` over `node-sass`.,https://github.com/CharlieHammersley/raptors1711.com/commit/e2e0c0e7986a4da30957703701e1d9ed2109e647,1.0,1.0,The official website for FRC team 1711 - The Raptors.,,"9.0.0, 9.0.0, 9.0.0",removed,remoÃ§Ã£o
sasmi825/portfolio-website,271e3f6f4361125c6365492adf54613ac7bc7b63,Sasmi Polu,2025-09-08T22:23:23.000-07:00,Replace node-sass with sass,https://github.com/sasmi825/portfolio-website/commit/271e3f6f4361125c6365492adf54613ac7bc7b63,0.0,1.0,My Portfolio,17.0,"7.0.3, 7.0.3",removed,remoÃ§Ã£o
mnugumanova/ztake.org,818916160bb8e4d8b908efa38cb9a8f1cc651bd4,_den,2025-09-13T12:34:06.000+10:00,replace node-sass with sass,https://github.com/mnugumanova/ztake.org/commit/818916160bb8e4d8b908efa38cb9a8f1cc651bd4,0.0,1.0,,184.0,4.13.1,removed,corrige vulnerabilidade
nalmeida/modesto,fc5a3ef776811b137d59658a682f3e135c3637b1,dependabot[bot],2025-07-29T03:03:25.000Z,Bump form-data and node-sass,https://github.com/nalmeida/modesto/commit/fc5a3ef776811b137d59658a682f3e135c3637b1,6.0,1.0,"Um framework CSS simples, para estilizar minimamente um conteÃºdo tipo ""texto"" sem precisar adicionar nenhuma classe aos elementos nativos.",52.0,4.14.1,9.0.0,corrige vulnerabilidade
ssbeefeater/ssi-modal,66408c9ede21815d7aa11b322de9940a020a5f68,Mike,2025-09-02T18:13:44.000+05:30,Merge pull request #4 from ssbeefeater/dependabot/npm_and_yarn/node-sass-4.14.1,https://github.com/ssbeefeater/ssi-modal/commit/66408c9ede21815d7aa11b322de9940a020a5f68,26.0,1.0,ssi-modal is the most flexible and powerful modal window.,83.0,3.4.2,4.14.1,upgrade
nyris/nyris-webapp,e7793ec157c5e13bb4cc4538d3f069f695db26d5,Ridwan,2025-08-19T17:26:53.000+06:00,remove node-sass,https://github.com/nyris/nyris-webapp/commit/e7793ec157c5e13bb4cc4538d3f069f695db26d5,2.0,1.0,Web App for nyris visual search demonstrations. See https://docs.nyris.io,1456.0,"9.0.0, 9.0.0",removed,remoÃ§Ã£o
steven91-ar/ecom,58d64babbf62c5aa940e594bce8d7c5454e93f9c,steven9work,2025-09-11T23:54:30.000+02:00,"fix: remove node-sass, switch to sass",https://github.com/steven91-ar/ecom/commit/58d64babbf62c5aa940e594bce8d7c5454e93f9c,0.0,1.0,,25.0,9.0.0,removed,remoÃ§Ã£o
unixorn/zsh-lunch-and-learn,eb7e094722fedfe0cc4c095bac4e548919906099,dependabot[bot],2025-07-21T23:36:57.000Z,Bump form-data and node-sass,https://github.com/unixorn/zsh-lunch-and-learn/commit/eb7e094722fedfe0cc4c095bac4e548919906099,2.0,1.0,Lunch and learn about ZSH,2445.0,"7.0.0, 7.0.3, 7.0.0","9.0.0, 9.0.0, 9.0.0",upgrade
lowmoonlight/web-portfolio,7e9261cbef8ea053e2b953a6c43b78c7f6f98173,dependabot[bot],2025-08-22T17:39:30.000Z,Bump tar and node-sass,https://github.com/lowmoonlight/web-portfolio/commit/7e9261cbef8ea053e2b953a6c43b78c7f6f98173,0.0,1.0,,,4.14.1,9.0.0,corrige vulnerabilidade
AshwinkumarPillai/Unitours,e4fdbc04ba9e562e525ebf9d787bb22645c45f19,dependabot[bot],2025-07-23T15:33:42.000Z,Bump form-data and node-sass,https://github.com/AshwinkumarPillai/Unitours/commit/e4fdbc04ba9e562e525ebf9d787bb22645c45f19,0.0,1.0,,27.0,4.12.0,9.0.0,corrige vulnerabilidade
travi-org/admin.travi.org,ac8ff22246ac13303d5c3c28ae6612fbb00f973d,renovate[bot],2025-08-10T16:44:03.000Z,Merge pull request #3406 from travi-org/renovate/npm-node-sass-vulnerability,https://github.com/travi-org/admin.travi.org/commit/ac8ff22246ac13303d5c3c28ae6612fbb00f973d,3.0,1.0,reference client to api.travi.org,5623.0,"4.14.1, 4.14.1","7.0.0, 7.0.0",corrige vulnerabilidade
Ckbhatia/ck_newsletter_front_end,cdc9e19bca421b7848e48158b921162729a044c0,Ckbhatia,2025-09-07T12:51:29.000+05:30,chore: replace node-sass with sass,https://github.com/Ckbhatia/ck_newsletter_front_end/commit/cdc9e19bca421b7848e48158b921162729a044c0,0.0,1.0,Ck newsletter client,67.0,4.13.1,removed,corrige vulnerabilidade
iagocavalcante/egua-da-vaga,b8688123311070439257f5304fe810ec50125b58,Iago Cavalcante,2025-09-26T13:22:49.000-03:00,Update dependencies and replace node-sass with sass,https://github.com/iagocavalcante/egua-da-vaga/commit/b8688123311070439257f5304fe810ec50125b58,12.0,1.0,,75.0,4.9.2,removed,corrige vulnerabilidade
Meri-MG/school,0702780905feb69bf85018d9abbe311a8105500f,Meri-MG,2025-09-09T13:22:48.000+04:00,Update from node-sass to sass,https://github.com/Meri-MG/school/commit/0702780905feb69bf85018d9abbe311a8105500f,0.0,1.0,"Adventist Learning Center provides quality education to Syrian and Kurdish Refugees living in Beirut, Lebanon. This simple website was built to reach a bigger audience and ease the process of gathering donations for the ALC students.",127.0,"9.0.0, 9.0.0, 9.0.0",removed,remoÃ§Ã£o
slighter12/web-predict-stock,577a0df184531965d79dcdc32977e2eb7b91fc96,slighter12,2025-08-22T22:09:27.000+08:00,Merge pull request #27 from slighter12/dependabot/npm_and_yarn/node-sass-7.0.0,https://github.com/slighter12/web-predict-stock/commit/577a0df184531965d79dcdc32977e2eb7b91fc96,0.0,1.0,,,"4.12.0, 4.12.0","7.0.0, 7.0.0",corrige vulnerabilidade
frc1711/raptors1711.com,e2e0c0e7986a4da30957703701e1d9ed2109e647,Trevor Sears,2025-09-10T18:40:33.000-04:00,Moved to `sass` over `node-sass`.,https://github.com/frc1711/raptors1711.com/commit/e2e0c0e7986a4da30957703701e1d9ed2109e647,0.0,1.0,The official website for FRC team 1711 - The Raptors.,,"9.0.0, 9.0.0, 9.0.0",removed,remoÃ§Ã£o
uiewop/TRLweb,07419f36fe08da8d2bde8df973f5e18c82a979ae,uiewop,2025-09-27T23:34:02.000+12:00,Migrate from node-sass to sass for Netlify compatibility,https://github.com/uiewop/TRLweb/commit/07419f36fe08da8d2bde8df973f5e18c82a979ae,0.0,1.0,,149.0,,sass/dart-sass,substituiÃ§Ã£o
jeffgarris/Advanced-CSS-and-Sass-Course,7d5bc9500be43105dec08e84a9551dec34714e44,dependabot[bot],2025-07-22T15:30:28.000Z,Bump form-data and node-sass,https://github.com/jeffgarris/Advanced-CSS-and-Sass-Course/commit/7d5bc9500be43105dec08e84a9551dec34714e44,0.0,1.0,Udemy - Advanced CSS and Sass Course,4.0,4.7.2,9.0.0,corrige vulnerabilidade
wanho1108/tooool,350c28fae37c4b53e9bdfe4550e7a9db512a4cc4,wanho1108,2025-08-25T03:00:14.000+09:00,Fix `node-sass` error,https://github.com/wanho1108/tooool/commit/350c28fae37c4b53e9bdfe4550e7a9db512a4cc4,0.0,1.0,ë””ìžì´ë„ˆë¥¼ ìœ„í•œ íˆ´ ì‚¬ì´íŠ¸,47.0,4.7.2,removed,corrige vulnerabilidade
limbara/my-resume,d1ab62f569a33f18150492125ff42220f06b576d,dependabot[bot],2025-07-22T00:49:24.000Z,Bump form-data and node-sass,https://github.com/limbara/my-resume/commit/d1ab62f569a33f18150492125ff42220f06b576d,0.0,1.0,,,7.0.3,9.0.0,upgrade
tg0825/sadari,5e2021854e1e2d2ff82f1dc8db97d2435e9eaff5,yoon taegun,2025-08-22T15:02:21.000+09:00,Merge pull request #35 from tg0825/dependabot/npm_and_yarn/node-sass-7.0.0,https://github.com/tg0825/sadari/commit/5e2021854e1e2d2ff82f1dc8db97d2435e9eaff5,0.0,1.0,ì‚¬ë‹¤ë¦¬ ê²Œìž„,,"4.12.0, 4.12.0","4.14.1, 7.0.0, 7.0.0",corrige vulnerabilidade
sarcy/react-app-boilerplate,0ac339adcc3ea63e0254eeb7965ded677b435e61,sarcy,2025-08-22T15:55:06.000+10:00,Merge pull request #20 from sarcy/dependabot/npm_and_yarn/node-sass-7.0.0,https://github.com/sarcy/react-app-boilerplate/commit/0ac339adcc3ea63e0254eeb7965ded677b435e61,0.0,1.0,Boilerplate to start building a React App.,72.0,"4.11.0, 4.5.3","7.0.0, 7.0.0",corrige vulnerabilidade
ARIG-Robotique/calculette,058c415a70afce49dd57dfcfb07d886b263c32aa,Gregory DEPUILLE,2025-09-11T15:28:24.000+02:00,Switches from node-sass to dart sass,https://github.com/ARIG-Robotique/calculette/commit/058c415a70afce49dd57dfcfb07d886b263c32aa,4.0,1.0,PWA pour calculer son score,65.0,8.0.0,removed,remoÃ§Ã£o
celebsam/portfolio,afce54f355e7a51fcbaf4f4a7c8088120ba01406,Samuel Ogbe-Green,2025-09-23T22:38:58.000+01:00,chore: replace node-sass with sass in package.json,https://github.com/celebsam/portfolio/commit/afce54f355e7a51fcbaf4f4a7c8088120ba01406,0.0,1.0,,,8.0.0,removed,remoÃ§Ã£o
ahmedeldeep28/masadir-next,5142dfd716cad4337963c84da7dffb14d64b9869,ahmedeldeep28,2025-09-10T02:47:25.000+03:00,Remove node-sass dependency from package.json,https://github.com/ahmedeldeep28/masadir-next/commit/5142dfd716cad4337963c84da7dffb14d64b9869,0.0,1.0,,10.0,7.0.3,removed,remoÃ§Ã£o
wanho1108/webfont-preview-and-convert,de1b1ba6b2805c0c6a3bea7eb146580803bb99c0,wanho1108,2025-08-25T02:42:22.000+09:00,Fix `node-sass-middleware` error,https://github.com/wanho1108/webfont-preview-and-convert/commit/de1b1ba6b2805c0c6a3bea7eb146580803bb99c0,0.0,1.0,ì›¹ í°íŠ¸ ë¯¸ë¦¬ë³´ê¸° ë° ë³€í™˜ ì‚¬ì´íŠ¸,57.0,0.11.0,removed,remoÃ§Ã£o
chriscondreay/Menu-Project,46b93e37009582435cf2d31c743be305c8d48efb,Chris Condreay,2025-08-06T03:14:11.000-07:00,removed node-sass,https://github.com/chriscondreay/Menu-Project/commit/46b93e37009582435cf2d31c743be305c8d48efb,0.0,1.0,,30.0,"9.0.0, 9.0.0, 9.0.0",removed,remoÃ§Ã£o
luckasdc/vlaaienslag,e7c7c9314d53b157d3ef3ed5c67a44a38bbf400e,luckasdc,2025-09-20T00:10:42.000+02:00,Upgrade to node 22 -> remove node-sass w/ sass,https://github.com/luckasdc/vlaaienslag/commit/e7c7c9314d53b157d3ef3ed5c67a44a38bbf400e,0.0,1.0,Site for vlaaienslag,,8.0.0,removed,remoÃ§Ã£o
morarasu-alexandru/redux-async-workshop,246dd6283211415b25e288c3c7452bffcb0811a4,morarasu-alexandru,2025-08-22T12:11:30.000+03:00,Merge pull request #2 from morarasu-alexandru/dependabot/npm_and_yarn/node-sass-7.0.0,https://github.com/morarasu-alexandru/redux-async-workshop/commit/246dd6283211415b25e288c3c7452bffcb0811a4,0.0,1.0,,,"4.14.1, 4.14.1","7.0.0, 7.0.0",corrige vulnerabilidade
mosessndahiro-source/means-admin,e3dd7d6bb9200491a1423d19e60ac4aa296e8915,mosessndahiro-source,2025-09-05T06:22:08.000+02:00,chore: migrate from node-sass to sass,https://github.com/mosessndahiro-source/means-admin/commit/e3dd7d6bb9200491a1423d19e60ac4aa296e8915,0.0,1.0,,,4.12.0,removed,corrige vulnerabilidade
codefordenver/Comrad,22cb9ade3c4367b6c182c3171f99eeb56c0fa030,Sean Williams,2025-07-08T14:42:04.000-06:00,Merge pull request #927 from codefordenver/926-node-sass,https://github.com/codefordenver/Comrad/commit/22cb9ade3c4367b6c182c3171f99eeb56c0fa030,25.0,1.0,"Open-source web application for radio stations to manage show schedules, traffic and compliance",2404.0,,sass/dart-sass,substituiÃ§Ã£o
BlenderWang/strapi-gatsby-site,b2f979c53a0e3734eed75567186d75b3624dfffc,Shirley Wang,2025-08-14T09:38:45.000+02:00,Merge pull request #2 from BlenderWang/dependabot/npm_and_yarn/node-sass-7.0.0,https://github.com/BlenderWang/strapi-gatsby-site/commit/b2f979c53a0e3734eed75567186d75b3624dfffc,0.0,1.0,,,"4.13.0, 4.13.0, 4.13.0","7.0.0, 7.0.0, 7.0.0",corrige vulnerabilidade
anac2828/trillo,bb0188cd40abd8b9e5a4489e2a2d9ed70025a26f,anac2828,2025-08-07T17:33:14.000-07:00,removed node-sass,https://github.com/anac2828/trillo/commit/bb0188cd40abd8b9e5a4489e2a2d9ed70025a26f,0.0,1.0,,8.0,8.0.0,removed,remoÃ§Ã£o
richierome/Portfolio,8fa1279b222d676e94f2e6be15495b07ecf2d2b3,rick romero,2025-09-13T20:05:16.000-07:00,replaced node-sass with sass+ updated gulp-sass,https://github.com/richierome/Portfolio/commit/8fa1279b222d676e94f2e6be15495b07ecf2d2b3,0.0,1.0,Updated Portfolio,73.0,,sass/dart-sass,substituiÃ§Ã£o
naren18072005/glow24-,287f775117478ea917b048619559d052f25c71d3,gpt-engineer-app[bot],2025-07-27T16:55:04.000Z,Fix node-sass installation error,https://github.com/naren18072005/glow24-/commit/287f775117478ea917b048619559d052f25c71d3,0.0,1.0,,78.0,,sass/dart-sass,substituiÃ§Ã£o
dwp/retirement-maintain,36b1c42e443335e2ab42f9d99176bd0f19131a82,Joe Lanman,2015-09-24T17:11:31.000+01:00,updated node-sass and grunt-sass,https://github.com/dwp/retirement-maintain/commit/36b1c42e443335e2ab42f9d99176bd0f19131a82,1.0,1.0,,7965.0,2.1.1,3.3.3,upgrade
shubhamsd878/swagZinn-frontend-NextJS,00652d5e169c8edc2ad4e1933360af75c5e3b2bd,shubhamsd878,2025-09-08T22:13:24.000+05:30,"deployment fix 2: sass installed, node-sass uninstalled",https://github.com/shubhamsd878/swagZinn-frontend-NextJS/commit/00652d5e169c8edc2ad4e1933360af75c5e3b2bd,0.0,1.0,Previously created in React JS. Now migrated to Next JS.,14.0,"7.0.3, 7.0.3, 7.0.3",removed,remoÃ§Ã£o
DLC-engineering-s-r-o/dlc,d660ea219e78338809db44cb166c7792f5ff6513,vyvoj-dlc,2025-08-29T13:35:05.000+02:00,replace deprecated node-sass with sass,https://github.com/DLC-engineering-s-r-o/dlc/commit/d660ea219e78338809db44cb166c7792f5ff6513,0.0,1.0,Public website for dlc.cz,84.0,7.0.1,removed,remoÃ§Ã£o
onokje/rocketfactory,caa34e0956d9645b08645c7310561e34a437aba0,dependabot[bot],2025-07-29T10:04:36.000Z,Bump tough-cookie and node-sass,https://github.com/onokje/rocketfactory/commit/caa34e0956d9645b08645c7310561e34a437aba0,0.0,1.0,Webbased game written in react,100.0,7.0.0,9.0.0,upgrade
ember-learn/ember-api-docs,f259e2a1813ecef53957ac180288ae71e3a9b795,Katie Gengler,2025-08-17T21:44:59.000-04:00,Remove unused node-sass package,https://github.com/ember-learn/ember-api-docs/commit/f259e2a1813ecef53957ac180288ae71e3a9b795,74.0,1.0,Ember API Docs viewer,1335.0,9.0.0,removed,remoÃ§Ã£o
asmdip12/Mission-Parivartan-3,8e1087b1e8e6d650c32330dea15ebec7a9c8a92e,asmdip12,2025-08-16T20:21:21.000+05:30,migrated node-sass to sass,https://github.com/asmdip12/Mission-Parivartan-3/commit/8e1087b1e8e6d650c32330dea15ebec7a9c8a92e,0.0,1.0,,20.0,,sass/dart-sass,substituiÃ§Ã£o
sonalashr/fsl-develops-challenge,be468052ddb693f1201e97106e0c848390b0d765,sonal,2025-09-07T18:51:33.000+05:30,Replace node-sass with sass for CI compatibility,https://github.com/sonalashr/fsl-develops-challenge/commit/be468052ddb693f1201e97106e0c848390b0d765,0.0,1.0,,,5.0.0,removed,corrige vulnerabilidade
fredLamonica/smarkets-small,4461e23997a650c1cf478abfc808f042ad4e5c1d,fredLamonica,2025-09-10T14:31:44.000-03:00,Replace node-sass with sass for Node.js compatibility,https://github.com/fredLamonica/smarkets-small/commit/4461e23997a650c1cf478abfc808f042ad4e5c1d,0.0,1.0,,12.0,,sass/dart-sass,substituiÃ§Ã£o
PraisesAmaiyo/Apex-Analytics-Limited,f8f604a9bd1c44f20682adf7493df5bb3da3121c,Amaiyo Praises,2025-09-06T03:45:46.000+01:00,MOD: Moved to sass from depreciated node-sass,https://github.com/PraisesAmaiyo/Apex-Analytics-Limited/commit/f8f604a9bd1c44f20682adf7493df5bb3da3121c,0.0,1.0,,47.0,8.0.0,removed,remoÃ§Ã£o
funmaker/JanuszV2,9411cc908cadb7dc9f08ab7c5121dfec25c05b82,dependabot[bot],2025-08-03T17:08:22.000Z,Bump form-data and node-sass,https://github.com/funmaker/JanuszV2/commit/9411cc908cadb7dc9f08ab7c5121dfec25c05b82,4.0,1.0,Multifunctional Chat Bot - Janusz V2,160.0,7.0.3,9.0.0,upgrade
gladielf/vue-svg-chart,2bdd2e4566f06332ce3d4dae5b9edde5abc0dadd,FermÃ­n Conejo Baltasar,2025-08-03T12:47:25.000+02:00,Merge pull request #1 from gladielf/dependabot/npm_and_yarn/node-sass-7.0.0,https://github.com/gladielf/vue-svg-chart/commit/2bdd2e4566f06332ce3d4dae5b9edde5abc0dadd,0.0,1.0,chart made with svg and vuejs,65.0,"4.14.1, 4.9.0","7.0.0, 7.0.0",corrige vulnerabilidade
ThebellepoquE/PortfoliO,a4bf8226ee63a366a08d895f740ca28ce0ec8a5d,ThebellepoquE,2025-09-03T13:24:37.000+02:00,ðŸ”§ Replace node-sass with sass for Netlify,https://github.com/ThebellepoquE/PortfoliO/commit/a4bf8226ee63a366a08d895f740ca28ce0ec8a5d,0.0,1.0,Creado con React,,"4.14.1, 4.13.1",removed,corrige vulnerabilidade
davidmarsden/top100-archive,629423943e661113787dec95d54e000348da97d1,davidmarsden,2025-08-27T08:06:16.000Z,Fix build: replace node-sass with sass,https://github.com/davidmarsden/top100-archive/commit/629423943e661113787dec95d54e000348da97d1,0.0,1.0,25 Seasons â€¢ Google Sheets Database â€¢ Live Updates,128.0,,sass/dart-sass,substituiÃ§Ã£o
MariaGrom/zoomath,43669ca61bba1b9229b5703b23018d4e436a4ff0,Maria Gromyko,2025-08-09T11:44:46.000+03:00,Ð·Ð°Ð¼ÐµÐ½Ð° node-sass Ð½Ð° sass,https://github.com/MariaGrom/zoomath/commit/43669ca61bba1b9229b5703b23018d4e436a4ff0,1.0,1.0,,50.0,"7.0.3, 7.0.3",removed,remoÃ§Ã£o
Kalte-Luft/GPFront-End,768576644291d263cd3d81bceacd6c24ffa225a1,Nghia,2025-08-20T08:16:52.000+07:00,fix: replace node-sass with sass,https://github.com/Kalte-Luft/GPFront-End/commit/768576644291d263cd3d81bceacd6c24ffa225a1,0.0,1.0,,95.0,"6.0.0, 6.0.0",removed,corrige vulnerabilidade
onokje/rocketfactory,cdf04d1181f02bc18e2c3830f14f74abd5e41a40,Martin Schimmel,2025-07-29T11:07:14.000+02:00,Merge pull request #5 from onokje/dependabot/npm_and_yarn/node-sass-7.0.0,https://github.com/onokje/rocketfactory/commit/cdf04d1181f02bc18e2c3830f14f74abd5e41a40,0.0,1.0,Webbased game written in react,100.0,"4.14.1, 4.11.0","7.0.0, 7.0.0",corrige vulnerabilidade
mjaquiery/philosophyofshakespeare,ab894de16e711b4e5ce07b4441733fad0c149782,dependabot[bot],2025-06-16T08:30:47.000Z,Bump tough-cookie and node-sass,https://github.com/mjaquiery/philosophyofshakespeare/commit/ab894de16e711b4e5ce07b4441733fad0c149782,0.0,1.0,Essays exploring the philosophy of Shakespeare.,92.0,"7.0.1, 7.0.1, 7.0.1, 7.0.1","9.0.0, 9.0.0, 9.0.0, 9.0.0",upgrade
winnydejong/ahomk,8abe2b077d9c3d2c13e3a76f985b2e50bd3b3ea1,dependabot[bot],2025-10-16T13:54:15.000Z,Bump form-data and node-sass,https://github.com/winnydejong/ahomk/commit/8abe2b077d9c3d2c13e3a76f985b2e50bd3b3ea1,,,,,4.11.0,9.0.0,corrige vulnerabilidade
Kuaruou/Ecom-Vintage,062438d49077e16fee12887eb4edc2f6eb15545b,dependabot[bot],2025-10-01T15:40:08.000Z,Bump form-data and node-sass,https://github.com/Kuaruou/Ecom-Vintage/commit/062438d49077e16fee12887eb4edc2f6eb15545b,,,,,7.0.3,9.0.0,upgrade
AkberIqbal/meret,fa86252610966ef8d8268b1101da5386e7e11bfc,dependabot[bot],2022-02-10T21:06:53.000Z,Bump node-sass from 4.13.1 to 7.0.0,https://github.com/AkberIqbal/meret/commit/fa86252610966ef8d8268b1101da5386e7e11bfc,,,,,"4.13.1, 4.13.1","7.0.0, 7.0.0",corrige vulnerabilidade
moetezch/moetez.me,e9037386d2eefb527cf603d9c3c2be68a74154a6,dependabot[bot],2022-02-10T16:11:05.000Z,build(deps): bump node-sass from 4.13.0 to 7.0.0,https://github.com/moetezch/moetez.me/commit/e9037386d2eefb527cf603d9c3c2be68a74154a6,,,,,"4.13.0, 4.13.0","7.0.0, 7.0.0",corrige vulnerabilidade
carnalito80/clubpig,29a829987fbd1b87b03b4142d1cbd69cb12d4470,kungjk,2025-10-21T10:37:27.000+02:00,node sass > sass,https://github.com/carnalito80/clubpig/commit/29a829987fbd1b87b03b4142d1cbd69cb12d4470,,,,,8.0.0,removed,remoÃ§Ã£o
ToxicNinja12/trillo,4ae96a3c89c0047286b7564819fc7c4d9c9d1489,ToxicNinja12,2025-10-17T19:06:17.000+05:30,Update dev dependencies and add build process test,https://github.com/ToxicNinja12/trillo/commit/4ae96a3c89c0047286b7564819fc7c4d9c9d1489,,,,,4.5.3,removed,corrige vulnerabilidade
jrcichra/rpi-ip-webcam,e19b7aef05c9eb14266b19b8363e09d9a632a243,Justin Cichra,2025-09-27T16:42:18.000-04:00,Merge pull request #12 from jrcichra/renovate/npm-node-sass-vulnerability,https://github.com/jrcichra/rpi-ip-webcam/commit/e19b7aef05c9eb14266b19b8363e09d9a632a243,,,,,"5.0.0, 5.0.0, 5.0.0","7.0.0, 7.0.0, 7.0.3",corrige vulnerabilidade
PaystackHQ/nigerialogos,5f3de87b515666c4f6469a4c1a2e489eb80834f9,dependabot[bot],2025-09-10T17:33:21.000Z,Bump request and node-sass,https://github.com/PaystackHQ/nigerialogos/commit/5f3de87b515666c4f6469a4c1a2e489eb80834f9,,,,,4.13.1,9.0.0,corrige vulnerabilidade
sbush92/lawnbot,ed8540ab07ba8a45d383df97ccc1468d9bf2f0af,dependabot[bot],2025-09-04T14:47:04.000Z,Bump node-sass in the npm_and_yarn group across 1 directory,https://github.com/sbush92/lawnbot/commit/ed8540ab07ba8a45d383df97ccc1468d9bf2f0af,,,,,4.12.0,9.0.0,corrige vulnerabilidade
rauloliva/Blog-Creator,635733e11a54239c3da983ce944916039b40a31d,Raul Oliva,2025-09-23T17:22:50.000-06:00,* Updating npm packages,https://github.com/rauloliva/Blog-Creator/commit/635733e11a54239c3da983ce944916039b40a31d,,,,,6.0.1,removed,corrige vulnerabilidade
PaystackHQ/nigerialogos,e85f00c32946f365d641d81abd4f8f4efb9f8d8b,dependabot[bot],2025-09-10T17:33:49.000Z,Bump form-data and node-sass,https://github.com/PaystackHQ/nigerialogos/commit/e85f00c32946f365d641d81abd4f8f4efb9f8d8b,,,,,4.13.1,9.0.0,corrige vulnerabilidade
visheshc14/Mareux,dfc89fdc567c6cd019f8306cbf4d506f08f151ff,Vishesh Choudhary,2025-09-15T15:07:07.000+05:30,Update package.json to use sass instead of node-sass,https://github.com/visheshc14/Mareux/commit/dfc89fdc567c6cd019f8306cbf4d506f08f151ff,,,,,4.14.1,removed,corrige vulnerabilidade
farmanahmed2007/uik-framework,050634c7d8811a0ae9b4c84dccb6b63cb66a6a7c,Farman Ahmed,2025-09-23T09:26:38.000+05:00,Merge pull request #4 from farmanahmed2007/codex/migrate-from-node-sass-to-sass-package,https://github.com/farmanahmed2007/uik-framework/commit/050634c7d8811a0ae9b4c84dccb6b63cb66a6a7c,,,,,4.13.0,removed,corrige vulnerabilidade
gillescj/colour-builder,b3c553e615b8786ecbe2db4d1ba4da7dde7eba8a,Colin Gillespie,2025-10-13T19:55:33.000-04:00,Merge pull request #1 from gillescj/dependabot/npm_and_yarn/node-sass-7.0.0,https://github.com/gillescj/colour-builder/commit/b3c553e615b8786ecbe2db4d1ba4da7dde7eba8a,,,,,"4.14.1, 4.14.1","7.0.0, 7.0.0",corrige vulnerabilidade
c00kiemon5ter/presentation-tnc19-identitypython-eduteams,a751798b7803daeb5ea2eee4b65f1642245315ee,Ivan Kanakarakis,2025-09-25T10:46:18.000+03:00,Merge pull request #30 from c00kiemon5ter/dependabot/npm_and_yarn/tough-cookie-and-node-sass--removed,https://github.com/c00kiemon5ter/presentation-tnc19-identitypython-eduteams/commit/a751798b7803daeb5ea2eee4b65f1642245315ee,,,,,"7.0.0, 7.0.0","9.0.0, 9.0.0",upgrade
Kuaruou/Vuex-TodoList,04e6ea5b74dc95802f436078c17230e3e19a11b6,Kuaruou,2025-10-02T22:33:08.000+08:00,Merge pull request #40 from Kuaruou/dependabot/npm_and_yarn/tough-cookie-and-node-sass--removed,https://github.com/Kuaruou/Vuex-TodoList/commit/04e6ea5b74dc95802f436078c17230e3e19a11b6,,,,,"7.0.0, 7.0.0","9.0.0, 9.0.0",upgrade
AvinashAnand02/SwetaPortfolio,e3a1c99cc0f715604f939d136f2f64d69e52e027,dependabot[bot],2025-09-02T16:53:39.000Z,Bump form-data and node-sass,https://github.com/AvinashAnand02/SwetaPortfolio/commit/e3a1c99cc0f715604f939d136f2f64d69e52e027,,,,,6.0.1,9.0.0,corrige vulnerabilidade
anton-karlovskiy/joyn-ai,0be108a24b8cec1fa0ca0accb10df1b1918490df,Anton K.,2025-10-04T14:28:12.000-04:00,chore: drop node-sass,https://github.com/anton-karlovskiy/joyn-ai/commit/0be108a24b8cec1fa0ca0accb10df1b1918490df,,,,,"4.14.1, 4.14.1, 4.14.1",removed,corrige vulnerabilidade
harrybeckwith/gardening-website,c94fee5501b18dfb755899f7e99a16e17edb117a,Harry,2025-09-21T15:52:18.000+01:00,node-sass,https://github.com/harrybeckwith/gardening-website/commit/c94fee5501b18dfb755899f7e99a16e17edb117a,,,,,"9.0.0, 9.0.0, 9.0.0",removed,remoÃ§Ã£o
j-guerreiro/dev-cats-app,bad4121de16a08eb50d4b9cfff8bc76708527567,jguerreiro,2025-10-23T18:51:20.000-03:00,Remove node-sass and add just sass.,https://github.com/j-guerreiro/dev-cats-app/commit/bad4121de16a08eb50d4b9cfff8bc76708527567,,,,,"9.0.0, 9.0.0, 9.0.0",removed,remoÃ§Ã£o
dinotudor/fm-frontend,58dc3f0a60a0a5b3b54d330d8ddabb1c2d1b3998,Dino Tudor,2025-10-01T07:56:44.000+02:00,Merge pull request #16 from dinotudor/dependabot/npm_and_yarn/tough-cookie-and-node-sass-4.1.3,https://github.com/dinotudor/fm-frontend/commit/58dc3f0a60a0a5b3b54d330d8ddabb1c2d1b3998,,,,,"7.0.3, 7.0.3","9.0.0, 9.0.0",upgrade
dinotudor/fm-frontend,aacaa511bff7a33711cfeb367cb515cffa358529,Dino Tudor,2025-10-01T07:47:36.000+02:00,Merge pull request #14 from dinotudor/dependabot/npm_and_yarn/scss-tokenizer-and-node-sass-0.4.3,https://github.com/dinotudor/fm-frontend/commit/aacaa511bff7a33711cfeb367cb515cffa358529,,,,,"7.0.0, 7.0.0","7.0.3, 7.0.3",upgrade
videinfra/static-website-builder,047739d6fe42f20ac5c7e01949f001751c830f36,Kaspars Zuks,2025-10-22T13:00:42.000+03:00,Removed `node-sass` and use `sass` module,https://github.com/videinfra/static-website-builder/commit/047739d6fe42f20ac5c7e01949f001751c830f36,,,,,7.0.3,removed,remoÃ§Ã£o
Ocelot-Social-Community/Ocelot-Social,59dd43513815507a9adcc1227b21410b484e9e6b,Ulf Gebhardt,2025-09-26T15:01:10.000+02:00,update node-sass,https://github.com/Ocelot-Social-Community/Ocelot-Social/commit/59dd43513815507a9adcc1227b21410b484e9e6b,,,,,"4.12.0, 4.12.0, 4.12.0","9.0.0, 9.0.0, 9.0.0",corrige vulnerabilidade
this-is-matt/Portfolio-MP,e05fdbac45f84ac345014dbf7abc5b07174a1ae2,this-is-matt,2025-10-15T19:32:49.000-06:00,"set up node, sass, etc again",https://github.com/this-is-matt/Portfolio-MP/commit/e05fdbac45f84ac345014dbf7abc5b07174a1ae2,,,,,,sass/dart-sass,substituiÃ§Ã£o
robertgregorywest/thames-tutoring,547922e7a48520aba22b6d82f04b254736fc5b9f,Rob West,2025-10-03T13:15:23.000+01:00,Merge pull request #17 from robertgregorywest/dependabot/npm_and_yarn/node-sass-7.0.0,https://github.com/robertgregorywest/thames-tutoring/commit/547922e7a48520aba22b6d82f04b254736fc5b9f,,,,,"4.14.1, 4.14.1, 4.14.1","7.0.0, 7.0.0, 7.0.0",corrige vulnerabilidade
NaViMaTRiX/Taskify,179195034090053b5f5a65a73db13993bd812805,Nikita,2025-09-24T20:22:17.000+03:00,delete node-sass,https://github.com/NaViMaTRiX/Taskify/commit/179195034090053b5f5a65a73db13993bd812805,,,,,"9.0.0, 9.0.0, 9.0.0",removed,remoÃ§Ã£o
govfresh/govpress,6f0eff4c168a9bc40c2057534ed7960bc7af84bf,Luke Fretwell,2025-09-19T20:06:10.000-07:00,Merge pull request #144 from govfresh/dependabot/npm_and_yarn/tough-cookie-and-node-sass--removed,https://github.com/govfresh/govpress/commit/6f0eff4c168a9bc40c2057534ed7960bc7af84bf,,,,,"4.12.0, 4.10.0","9.0.0, 9.0.0",corrige vulnerabilidade
therealjasonjara/vanilla-portfolio,ca485cf02aed63f6604300b5affad65e1f331961,Jason,2025-10-03T12:02:56.000+08:00,Merge pull request #4 from therealjasonjara/dependabot/npm_and_yarn/node-sass-4.14.1,https://github.com/therealjasonjara/vanilla-portfolio/commit/ca485cf02aed63f6604300b5affad65e1f331961,,,,,4.12.0,4.14.1,upgrade
doopage/react-chat-widget,a904c9c76c13a9fb4a961be17048e3a793da2f33,Nobi,2025-10-03T16:17:48.000+07:00,Migrate node-sass to sass,https://github.com/doopage/react-chat-widget/commit/a904c9c76c13a9fb4a961be17048e3a793da2f33,,,,,"9.0.0, 9.0.0",removed,remoÃ§Ã£o
turankantarci/simple-image-search,dcf5a511bad5e69f5127c7e464b936769d5d33ed,Turan KantarcÄ±,2025-10-11T04:10:20.000+03:00,Merge pull request #8 from turankantarci/dependabot/npm_and_yarn/tough-cookie-and-node-sass-and-react-scripts-4.1.3,https://github.com/turankantarci/simple-image-search/commit/dcf5a511bad5e69f5127c7e464b936769d5d33ed,,,,,4.14.1,9.0.0,corrige vulnerabilidade
hemanth506/hemanthraajG,8c53c46e7243fea1eb6fc9cf28404d9426ab6243,Hemanth Raaj - Pluralsight,2025-09-17T01:30:37.000+05:30,removed node-sass,https://github.com/hemanth506/hemanthraajG/commit/8c53c46e7243fea1eb6fc9cf28404d9426ab6243,,,,,"4.11.7, 7.0.3, 4.11.7, 7.0.3",removed,corrige vulnerabilidade
vinay-004/vinay-004.github.io,5ebbe78cfca2f2aa1eb843ecdc978d6115b6e9a3,Vinay Jain,2025-09-26T11:44:48.000-07:00,Merge pull request #1 from vinay-004/dependabot/npm_and_yarn/node-sass-7.0.0,https://github.com/vinay-004/vinay-004.github.io/commit/5ebbe78cfca2f2aa1eb843ecdc978d6115b6e9a3,,,,,4.14.1,"7.0.0, 7.0.0",corrige vulnerabilidade
BlenderWang/gatsby-portfolio-2019,0c6591a00c02185bb741571dd445130ef5ce37b6,Shirley Wang,2025-09-27T08:39:14.000+02:00,Merge pull request #1 from BlenderWang/dependabot/npm_and_yarn/node-sass-7.0.0,https://github.com/BlenderWang/gatsby-portfolio-2019/commit/0c6591a00c02185bb741571dd445130ef5ce37b6,,,,,"4.12.0, 4.12.0, 4.12.0","7.0.0, 7.0.0, 7.0.0",corrige vulnerabilidade
dipayanmaji/inshorts_clone,923668fdaf674ac37fa14747a5818c89b7b0b732,Dipayan Maji,2025-10-09T02:05:26.000+05:30,replace dependency node-sass by sass,https://github.com/dipayanmaji/inshorts_clone/commit/923668fdaf674ac37fa14747a5818c89b7b0b732,,,,,"9.0.0, 9.0.0, 9.0.0",7.0.3,substituiÃ§Ã£o
paroxp/nelele,25625006053552afbef87277a865352a99f6faae,Rafal Proszowski,2025-10-19T12:41:31.000+01:00,npm: deprecate node-sass in favour of sass,https://github.com/paroxp/nelele/commit/25625006053552afbef87277a865352a99f6faae,,,,,"4.11.8, 9.0.0",removed,corrige vulnerabilidade
ella-jennings/lost-cities-calculator,c72b8652f378b4ad3f6c13d1905cdde4313ea29f,Ella Fahie,2025-10-05T20:17:27.000-04:00,fix: updated node-sass to sass,https://github.com/ella-jennings/lost-cities-calculator/commit/c72b8652f378b4ad3f6c13d1905cdde4313ea29f,,,,,"4.14.1, 4.14.1, 4.14.1",removed,corrige vulnerabilidade
shub197/cinema-box,88ebcb5ae7af1f72af98311e983fa4944c4ca227,Shubham Tak,2025-10-12T18:53:11.000+05:30,Fix: remove node sass and use sass,https://github.com/shub197/cinema-box/commit/88ebcb5ae7af1f72af98311e983fa4944c4ca227,,,,,9.0.0,removed,remoÃ§Ã£o
syntx1997/react-php-frontend,9ce405c56fb5afb6e895ae3d2cb6b5da6cf14d55,Harley Ferrer Lumagui,2025-10-01T10:28:28.000+08:00,Merge pull request #3 from syntx1997/dependabot/npm_and_yarn/node-sass-7.0.0,https://github.com/syntx1997/react-php-frontend/commit/9ce405c56fb5afb6e895ae3d2cb6b5da6cf14d55,,,,,"4.13.1, 4.13.1","7.0.0, 7.0.0",corrige vulnerabilidade
lineuslocal/unistars-front-end,3431b9e1c23991e83b679a2a54ff3ad1fb879cb7,ddthien,2025-09-24T15:22:59.000+07:00,Merge pull request #22 from lineuslocal/dependabot/npm_and_yarn/node-sass-7.0.0,https://github.com/lineuslocal/unistars-front-end/commit/3431b9e1c23991e83b679a2a54ff3ad1fb879cb7,,,,,"4.13.1, 4.13.1, 4.13.1, 4.13.1","4.13.1, 7.0.0, 7.0.0, 4.13.1, 7.0.0, 7.0.0",corrige vulnerabilidade
IgorSelin/sw-chat,da0edade4746ee14242fced1e91bb0290da2f472,IgorSelin,2025-09-12T18:51:06.000+03:00,removed node-sass,https://github.com/IgorSelin/sw-chat/commit/da0edade4746ee14242fced1e91bb0290da2f472,,,,,7.0.3,removed,remoÃ§Ã£o
NidhinKarattil/react-city-tours,e3aea155135b0549961ddf4ee90ce2219ede1505,Nidhin Karattil,2025-10-12T09:49:08.000+05:30,replaced the deprecated node-sass with sass,https://github.com/NidhinKarattil/react-city-tours/commit/e3aea155135b0549961ddf4ee90ce2219ede1505,,,,,4.12.0,removed,corrige vulnerabilidade
PDBeurope/pdb-rna-viewer,1cf56d87ba083c8c81650c4f06a3704e45d0257c,Marcelo Afonso,2025-09-30T15:03:14.000+01:00,replaced deprecated node-sass by sass,https://github.com/PDBeurope/pdb-rna-viewer/commit/1cf56d87ba083c8c81650c4f06a3704e45d0257c,,,,,6.0.1,removed,corrige vulnerabilidade
andresmonc/jaimeportfolio,176175ea93e31dca485002d10dcc497ec20599ce,Jaime Moncayo,2025-10-15T14:31:02.000-05:00,Replace node-sass with sass for Cloudflare compatibility,https://github.com/andresmonc/jaimeportfolio/commit/176175ea93e31dca485002d10dcc497ec20599ce,,,,,4.14.1,removed,corrige vulnerabilidade
JustDottie/covid19-react,e6ef6e6a2810c26fc2db4d3fc0a1718897403218,Dot,2025-09-14T00:53:05.000+02:00,Merge pull request #2 from JustDottie/dependabot/npm_and_yarn/node-sass-7.0.0,https://github.com/JustDottie/covid19-react/commit/e6ef6e6a2810c26fc2db4d3fc0a1718897403218,,,,,"4.14.1, 4.14.1","7.0.0, 7.0.0",corrige vulnerabilidade
weni-ai/bulk_send,db90bb78ccc6650aefa3a8a5bd4389e7020c6061,Paulo Bernardo,2025-08-20T13:27:29.000-03:00,Merge pull request #32 from weni-ai/fix/remove-node-sass,https://github.com/weni-ai/bulk_send/commit/db90bb78ccc6650aefa3a8a5bd4389e7020c6061,,,,,9.0.0,removed,remoÃ§Ã£o
matt94nanari/Easy,c98e83a884a049d87814e8a5acb0e1818df38902,matt94nanari,2025-09-05T14:03:37.000+08:00,remove node-sass,https://github.com/matt94nanari/Easy/commit/c98e83a884a049d87814e8a5acb0e1818df38902,,,,,7.0.1,removed,remoÃ§Ã£o
uiewop/TRLweb,3e4f9d628625840d19fd09be737cd8ddad94ece4,uiewop,2025-09-27T22:33:30.000+12:00,Replace node-sass with sass dependency,https://github.com/uiewop/TRLweb/commit/3e4f9d628625840d19fd09be737cd8ddad94ece4,,,,,4.14.1,removed,corrige vulnerabilidade
JustDottie/pokedex-react,bded7f1be5b5a7fa69cd5ae8ad7dc0f438923474,Dot,2025-09-14T00:28:46.000+02:00,Merge pull request #2 from JustDottie/dependabot/npm_and_yarn/node-sass-7.0.0,https://github.com/JustDottie/pokedex-react/commit/bded7f1be5b5a7fa69cd5ae8ad7dc0f438923474,,,,,"4.14.1, 4.14.1","7.0.0, 7.0.0",corrige vulnerabilidade
Lysini/crm-front,3c7fd2e5ef913a59dd688174345fa3406bee30e3,Kuba,2025-09-10T21:57:38.000+02:00,Merge pull request #3 from Lysini/dependabot/npm_and_yarn/node-sass-7.0.0,https://github.com/Lysini/crm-front/commit/3c7fd2e5ef913a59dd688174345fa3406bee30e3,,,,,"4.11.0, 1.3.4, 4.9.3, 4.9.2","7.0.0, 1.3.4, 4.9.3, 4.14.1, 7.0.0",corrige vulnerabilidade
hmaiermack/vac-static,8a503438211af856015fd85e9989bedb3ac5796b,Mack Maier,2025-08-31T19:51:17.000-07:00,remove node-sass,https://github.com/hmaiermack/vac-static/commit/8a503438211af856015fd85e9989bedb3ac5796b,,,,,7.0.3,removed,remoÃ§Ã£o
Latteflo/Portfolio,4e5e8fe5d934bb2423b2468b8c73f311a0af43e1,latte,2025-10-18T14:42:50.000+02:00,fix: replace node-sass with modern sass for Vercel build,https://github.com/Latteflo/Portfolio/commit/4e5e8fe5d934bb2423b2468b8c73f311a0af43e1,,,,,"8.0.0, 8.0.0",removed,remoÃ§Ã£o
farmanahmed2007/uik-framework,f6bfd9f4436855e64af370aa194b0e1773c235bf,Farman Ahmed,2025-09-23T09:21:17.000+05:00,Replace node-sass with dart sass,https://github.com/farmanahmed2007/uik-framework/commit/f6bfd9f4436855e64af370aa194b0e1773c235bf,,,,,4.13.0,removed,corrige vulnerabilidade
rans0000/vinsys-home,38a015db082ce5b6d364818b436d6d48169fdeb7,dependabot[bot],2025-08-03T07:54:12.000Z,Bump form-data and node-sass,https://github.com/rans0000/vinsys-home/commit/38a015db082ce5b6d364818b436d6d48169fdeb7,,,,,4.14.1,9.0.0,corrige vulnerabilidade
DEFRA/cites-pegasus,3effa2dae3022552de3fbb551355de2c60a2f183,DesaiRohanCapG,2025-06-20T21:34:50.000+05:30,Internal error issue and node-sass issue fixed,https://github.com/DEFRA/cites-pegasus/commit/3effa2dae3022552de3fbb551355de2c60a2f183,,,,,"9.0.0, 9.0.0, 9.0.0",removed,remoÃ§Ã£o
aleksandra-rybinska/invoice-generator,d5a6a465fcd037b99e027d90904fa9cda3522c86,aleksandra rybinska,2025-09-02T07:41:05.000+02:00,node-sass installed,https://github.com/aleksandra-rybinska/invoice-generator/commit/d5a6a465fcd037b99e027d90904fa9cda3522c86,,,,,,"6.0.1, 6.0.1",outras abordagens
sajeevah/build-a-bot-vue,781612725006b38c782fb4b7506109284c86ae11,dependabot[bot],2025-07-29T08:03:13.000Z,Bump form-data and node-sass,https://github.com/sajeevah/build-a-bot-vue/commit/781612725006b38c782fb4b7506109284c86ae11,,,,,7.0.3,9.0.0,upgrade
zai1208/t-zgames,d9c04988442b61e445a2d8287a396828b5b882cd,zai1208,2025-08-26T09:34:26.000+10:00,Merge pull request #28 from zai1208/dependabot/npm_and_yarn/tough-cookie-and-node-sass--removed,https://github.com/zai1208/t-zgames/commit/d9c04988442b61e445a2d8287a396828b5b882cd,,,,,"7.0.0, 7.0.0","9.0.0, 9.0.0",upgrade
jrcichra/rpi-ip-webcam,fdf7f76bcca42639d3787a99896d14b78a64d544,renovate[bot],2025-09-27T00:01:55.000Z,Update dependency node-sass to v7 [SECURITY],https://github.com/jrcichra/rpi-ip-webcam/commit/fdf7f76bcca42639d3787a99896d14b78a64d544,,,,,"5.0.0, 5.0.0, 5.0.0","7.0.0, 7.0.0, 7.0.3",corrige vulnerabilidade
SDUOJ/sduoj-web2,784485048bbaae38fe78ef996b0e5e4eebae7fbc,yhf2000,2025-09-08T23:51:32.000+08:00,build: migrate from node-sass to sass (dart-sass)\n\n- remove node-sass\n- ensure sass-loader uses dart-sass via implementation option\n- update lockfile,https://github.com/SDUOJ/sduoj-web2/commit/784485048bbaae38fe78ef996b0e5e4eebae7fbc,,,,,"6.0.1, 6.0.1, 6.0.1",removed,corrige vulnerabilidade
AshwinkumarPillai/Unitours,a4513e620fd5fb8311d2e22c8b8dc086ffac3ed2,dependabot[bot],2025-07-23T15:34:24.000Z,Bump tough-cookie and node-sass,https://github.com/AshwinkumarPillai/Unitours/commit/a4513e620fd5fb8311d2e22c8b8dc086ffac3ed2,,,,,4.12.0,9.0.0,corrige vulnerabilidade
dylanjustice/gatsby-resume,3357bf7f221fc30dd449cb42911d7fca351bc546,Dylan Justice,2025-10-14T20:58:26.000-04:00,Remove node-sass deps; Migrate sass,https://github.com/dylanjustice/gatsby-resume/commit/3357bf7f221fc30dd449cb42911d7fca351bc546,,,,,"7.0.0, 7.0.0",removed,remoÃ§Ã£o
huyledntech/ob9-desktop,626cb01621f00b72245a407a838fda70218c3f9a,huyledntech,2025-09-16T22:56:45.000+07:00,upgrade node-sass on node 20,https://github.com/huyledntech/ob9-desktop/commit/626cb01621f00b72245a407a838fda70218c3f9a,,,,,1.66.1,removed,remoÃ§Ã£o
huyledntech/ob9-desktop,afb16a1f93758ee986a1cc9d864501cebac718ca,huyledntech,2025-09-16T22:50:52.000+07:00,upgrade node-sass on node 20,https://github.com/huyledntech/ob9-desktop/commit/afb16a1f93758ee986a1cc9d864501cebac718ca,,,,,7.0.1,removed,remoÃ§Ã£o
huyledntech/ob9-desktop,d8a6419dc86389d7fd95476aab3388de353dbc3a,huyledntech,2025-09-16T22:48:37.000+07:00,upgrade node-sass on node 20,https://github.com/huyledntech/ob9-desktop/commit/d8a6419dc86389d7fd95476aab3388de353dbc3a,,,,,6.0.1,7.0.1,corrige vulnerabilidade
Dtrust/weather,9d04e1fa03856b67f3ec708522d6979e7e56cbb1,Dennis,2025-08-25T00:29:35.000+03:00,node-sass depricate,https://github.com/Dtrust/weather/commit/9d04e1fa03856b67f3ec708522d6979e7e56cbb1,,,,,"8.0.0, 8.0.0, 8.0.0",removed,remoÃ§Ã£o
krishnapanchal94/Portfolio,0d4071e7373e83db3b2c7d3d2ea4c923dcbfcb7f,dependabot[bot],2025-08-01T05:58:38.000Z,Bump form-data and node-sass,https://github.com/krishnapanchal94/Portfolio/commit/0d4071e7373e83db3b2c7d3d2ea4c923dcbfcb7f,,,,,7.0.0,9.0.0,upgrade
adrianrdz9/basicWebpage,0530d9309be7cd5c9bcb470f2969dee63907146c,dependabot[bot],2025-09-16T19:15:36.000Z,"Bump form-data, node-sass and fsevents",https://github.com/adrianrdz9/basicWebpage/commit/0530d9309be7cd5c9bcb470f2969dee63907146c,,,,,4.7.2,9.0.0,corrige vulnerabilidade
Islemourred/Coreza_Dashboard,ffb9283cc67b38a9a6ee25219f874d54d6942766,islemourred,2025-10-25T13:32:21.000+01:00,fix: Remove node-sass to fix Vercel build - sass is already available,https://github.com/Islemourred/Coreza_Dashboard/commit/ffb9283cc67b38a9a6ee25219f874d54d6942766,,,,,7.0.1,removed,remoÃ§Ã£o
agross/git-reveal,ce668ccfc6026f3c81b8dfce08f919d914516031,dependabot[bot],2025-07-29T02:44:41.000Z,Bump form-data and node-sass,https://github.com/agross/git-reveal/commit/ce668ccfc6026f3c81b8dfce08f919d914516031,,,,,4.14.1,9.0.0,corrige vulnerabilidade
gruener-campus-malchow/startseite,e5e8501ab1a9e2043592257dd5b2fa716407d8ba,Lorenzo von Flocken,2025-09-16T11:58:57.000+02:00,replace node-sass with dart sass,https://github.com/gruener-campus-malchow/startseite/commit/e5e8501ab1a9e2043592257dd5b2fa716407d8ba,,,,,,sass/dart-sass,substituiÃ§Ã£o
Camarga/carolina-martinez-react-portfolio,308c3431fda71abb541c3be1ccbe044a3ef4c385,Camarga,2025-09-29T16:59:17.000+02:00,Replace node-sass with sass for Netlify deployment,https://github.com/Camarga/carolina-martinez-react-portfolio/commit/308c3431fda71abb541c3be1ccbe044a3ef4c385,,,,,"4.14.1, 4.13.1",removed,corrige vulnerabilidade
MMaher25/your-mortgage-bff.com,5bb4ec649bfc2224a06eab6ab025ff8a0cb19c8f,M J Maher,2025-09-04T10:54:41.000-05:00,Merge pull request #15 from MMaher25/dependabot/npm_and_yarn/node-sass-7.0.0,https://github.com/MMaher25/your-mortgage-bff.com/commit/5bb4ec649bfc2224a06eab6ab025ff8a0cb19c8f,,,,,4.9.3,7.0.0,corrige vulnerabilidade
marcelorubens/mrubens,1360967130c3a443c3342dbce4ac3b4d52cd33ea,dependabot[bot],2025-10-18T14:35:21.000Z,"Bump form-data, node-sass and sass-loader",https://github.com/marcelorubens/mrubens/commit/1360967130c3a443c3342dbce4ac3b4d52cd33ea,,,,,7.0.0,9.0.0,upgrade
mattfranciswork0/portfolio3,a03c6011e3aead16d992c3c6c4b54ff4eaf1f481,matt,2025-08-27T17:42:46.000-04:00,-Unisntall node-sass.,https://github.com/mattfranciswork0/portfolio3/commit/a03c6011e3aead16d992c3c6c4b54ff4eaf1f481,,,,,"6.0.1, 6.0.1",removed,corrige vulnerabilidade
nhoizey/nho-com-webmentions,6486a3ee423334eb52fe40732cb9678d2e20244d,Nicolas Hoizey,2025-09-01T17:14:25.000+02:00,Upgrade node-sass -> sass,https://github.com/nhoizey/nho-com-webmentions/commit/6486a3ee423334eb52fe40732cb9678d2e20244d,,,,,5.0.0,removed,corrige vulnerabilidade
AlbertGomezReverter/albertgomezreverter.github.io,1618fc3f70d9db41ecb4f60f1c426ee836f05bcd,Albert Gomez Reverter,2025-08-27T17:49:30.000+02:00,Merge pull request #11 from AlbertGomezReverter/dependabot/npm_and_yarn/node-sass-7.0.0,https://github.com/AlbertGomezReverter/albertgomezreverter.github.io/commit/1618fc3f70d9db41ecb4f60f1c426ee836f05bcd,,,,,"4.14.1, 4.14.1","4.14.1, 7.0.0, 7.0.0",corrige vulnerabilidade
unapersona/galipsum,08a010e8e50e1629849fb2ea0c958263fbfe559e,dependabot[bot],2025-07-22T13:30:13.000Z,Bump form-data and node-sass,https://github.com/unapersona/galipsum/commit/08a010e8e50e1629849fb2ea0c958263fbfe559e,,,,,7.0.0,9.0.0,upgrade
